hotspot_id,hotspot_frp_mw,hotspot_date,hotspot_confidence,village,village_place,distance_m
11.21881_76.59409_20240428T0829,343.94,2024-04-28 08:29:00,h,Melkundah,village,2340.5
11.21811_76.5891_20240428T0829,343.94,2024-04-28 08:29:00,h,Melkundah,village,2877.9
11.21881_76.59409_20240428T0829,343.94,2024-04-28 08:29:00,h,ThaiSholai,village,3526.4
11.21811_76.5891_20240428T0829,343.94,2024-04-28 08:29:00,h,ThaiSholai,village,4047.3
11.47787_76.7811_20240325T0808,204.64,2024-03-25 08:08:00,h,Morakkattay Hatty,village,1183.5
11.47787_76.7811_20240325T0808,204.64,2024-03-25 08:08:00,h,Kenkumudi hatty,village,1244.1
11.47787_76.7811_20240325T0808,204.64,2024-03-25 08:08:00,h,Iduhatty,village,1720.5
11.47787_76.7811_20240325T0808,204.64,2024-03-25 08:08:00,h,Ebbanadu hatty,village,1979.0
11.47787_76.7811_20240325T0808,204.64,2024-03-25 08:08:00,h,Kodumuddi hatty,village,2347.4
11.47787_76.7811_20240325T0808,204.64,2024-03-25 08:08:00,h,Dheenatty,village,2420.3
11.47787_76.7811_20240325T0808,204.64,2024-03-25 08:08:00,h,Muratala hatty,village,2474.7
11.47787_76.7811_20240325T0808,204.64,2024-03-25 08:08:00,h,Thoraihatty,village,2635.3
11.47787_76.7811_20240325T0808,204.64,2024-03-25 08:08:00,h,(unnamed),village,2852.8
11.47787_76.7811_20240325T0808,204.64,2024-03-25 08:08:00,h,Beragal hatty,village,3014.3
11.47787_76.7811_20240325T0808,204.64,2024-03-25 08:08:00,h,(unnamed),village,3518.8
11.47787_76.7811_20240325T0808,204.64,2024-03-25 08:08:00,h,(unnamed),village,3573.2
11.47787_76.7811_20240325T0808,204.64,2024-03-25 08:08:00,h,Thuneri,village,3700.7
11.47787_76.7811_20240325T0808,204.64,2024-03-25 08:08:00,h,Kagguchi,village,3841.2
11.47787_76.7811_20240325T0808,204.64,2024-03-25 08:08:00,h,Ajjoor,village,3870.6
11.47787_76.7811_20240325T0808,204.64,2024-03-25 08:08:00,h,Kanakombai,village,4137.9
11.47787_76.7811_20240325T0808,204.64,2024-03-25 08:08:00,h,Chinnacoonoor,village,4530.4
11.47787_76.7811_20240325T0808,204.64,2024-03-25 08:08:00,h,Kookal,village,4744.1
11.47787_76.7811_20240325T0808,204.64,2024-03-25 08:08:00,h,Kookalthurai,village,4751.2
11.47787_76.7811_20240325T0808,204.64,2024-03-25 08:08:00,h,(unnamed),hamlet,4827.9
11.2161_76.59639_20240428T0829,199.01,2024-04-28 08:29:00,n,Melkundah,village,2251.8
11.21927_76.59064_20240428T0829,199.01,2024-04-28 08:29:00,h,Melkundah,village,2677.3
11.21542_76.59135_20240428T0829,199.01,2024-04-28 08:29:00,n,Melkundah,village,2769.5
11.2161_76.59639_20240428T0829,199.01,2024-04-28 08:29:00,n,ThaiSholai,village,3470.3
11.21927_76.59064_20240428T0829,199.01,2024-04-28 08:29:00,h,ThaiSholai,village,3840.0
11.21542_76.59135_20240428T0829,199.01,2024-04-28 08:29:00,n,ThaiSholai,village,3973.6
11.20167_76.6319_20240409T0810,149.68,2024-04-09 08:10:00,h,Melkundah,village,3404.0
11.20221_76.63531_20240409T0810,149.68,2024-04-09 08:10:00,h,Melkundah,village,3585.1
11.20167_76.6319_20240409T0810,149.68,2024-04-09 08:10:00,h,ThaiSholai,village,3728.5
11.20221_76.63531_20240409T0810,149.68,2024-04-09 08:10:00,h,ThaiSholai,village,3791.8
11.20221_76.63531_20240409T0810,149.68,2024-04-09 08:10:00,h,Kinnakorai,village,3960.0
11.20167_76.6319_20240409T0810,149.68,2024-04-09 08:10:00,h,Kinnakorai,village,4301.6
