species,n,n_near,median_m,pct_near
Ratufa indica,182,158,33.9,86.8
Macaca radiata,144,141,13.3,97.9
Axis axis,136,130,8.6,95.6
Bos frontalis,70,64,8.9,91.4
Muntiacus muntjak,53,45,164.7,84.9
Herpestes edwardsi,43,42,68.44999999999999,97.7
Funambulus palmarum,41,38,60.65,92.7
Sus scrofa,41,37,19.7,90.2
Semnopithecus priam,33,19,47.4,57.6
Herpestes vitticollis,25,25,25.9,100.0
Funambulus sublineatus,25,10,51.65,40.0
Lepus nigricollis,22,21,28.8,95.5
Rusa unicolor,15,10,95.55000000000001,66.7
Hystrix indica,13,13,13.3,100.0
Semnopithecus johnii,13,10,3.1500000000000004,76.9
Funambulus tristriatus,11,11,37.9,100.0
Herpestes smithii,10,9,9.4,90.0
Paradoxurus jerdoni,9,7,96.5,77.8
Semnopithecus hypoleucos,8,8,19.950000000000003,100.0
Elephas maximus,6,4,2.25,66.7
Bubalus bubalis,5,5,71.0,100.0
Cuon alpinus,5,5,21.1,100.0
Melursus ursinus,5,5,86.5,100.0
Antilope cervicapra,4,3,47.0,75.0
Felis chaus,4,2,65.8,50.0
Petinomys fuscocapillus,4,1,1.1,25.0
Moschiola indica,3,3,6.7,100.0
Petaurista philippensis,3,3,3.6,100.0
Viverricula indica,3,3,2.1,100.0
Martes gwatkinsii,3,2,61.25,66.7
Paradoxurus hermaphroditus,3,2,204.9,66.7
Canis lupus,2,2,38.7,100.0
Felis catus,2,2,27.55,100.0
Megaderma spasma,2,2,31.3,100.0
Panthera pardus,2,2,6.75,100.0
Canis aureus,2,1,26.5,50.0
Amblonyx cinereus,1,1,300.6,100.0
Cynopterus sphinx,1,1,202.1,100.0
Funambulus pennantii,1,1,2.3,100.0
Golunda ellioti,1,1,1.6,100.0
Herpestes fuscus,1,1,4.7,100.0
Panthera tigris,1,1,4.2,100.0
Rhinolophus rouxii,1,1,73.1,100.0
Suncus etruscus,1,1,18.5,100.0
Rusa alfredi,1,0,,0.0
Semnopithecus entellus,1,0,,0.0
