protected_area,protect_class,area_km2,n_sightings,n_hotspots,n_villages,sightings_per_km2,hotspots_per_km2
Sathyamangalam WLS/Tiger Reserve,4,327.95,14,52,0,0.043,0.159
Silent Valley National Park ESZ (Proposed),6,108.23,4,31,0,0.037,0.286
Bandipur National Park,2,257.69,222,18,1,0.862,0.07
Mudumalai National Park,2,335.47,533,17,4,1.589,0.051
(unnamed),,113.22,50,14,1,0.442,0.124
Karimpuzha Wildlife Sanctuary ESZ (Proposed),6,44.05,3,4,0,0.068,0.091
Mukurthi National Park,2,78.69,10,4,1,0.127,0.051
Karimpuzha Wildlife Sanctuary,4,204.93,32,0,0,0.156,0.0
Silent Valley National Park,2,80.41,4,0,0,0.05,0.0
